Title,URL
SWISS INVEST Real Estate - Co founder,https://ee.linkedin.com/in/swiss-invest-real-estate-144ab1107
"Lukas Rietmann - Basel, Basel, Switzerland",https://ch.linkedin.com/in/lukasrietmann/en
"Meredith Davis – Alternative, Debt, Equity and fixed income ...",https://ch.linkedin.com/in/davismeredith5
Simon Swycher – Managing Director – Hg Real Estate,https://ch.linkedin.com/in/simonswycher
Dirk Adriaenssen - Real Estate Professional,https://ch.linkedin.com/in/dirk-adriaenssen
Dominic Schweitzer - Founder,https://ch.linkedin.com/in/dominicschweitzer/en
Doug Gurney – Arizona School of Business and real estate,https://ch.linkedin.com/in/doug-gurney-43388711
Ellen Hoerée,https://ch.linkedin.com/in/ellenhoeree
"Sandro Beffa, MRICS – Head Real Estate Advisory, Private ...",https://ch.linkedin.com/in/sandro-beffa-mrics-b8207310
Georgios Dinapogias - Real Estate Agent - Zurich,https://www.linkedin.com/in/georgios-dinapogias-81041488
Claudio Saputelli - UBS Global Wealth Management,https://ch.linkedin.com/in/claudiosaputelli
Diego Reyes - Head of Dominicé Swiss Property Fund,https://ch.linkedin.com/in/diego-reyes-real-estate/en
Caroline Staub - Owner and Managing Partner,https://ch.linkedin.com/in/caroline-staub/en
Frederic Tomassini - Real Estate financial advisor,https://ch.linkedin.com/in/frederic-tomassini-528a2170/en
David BIGOT – Head of structured finance & Real Estate ...,https://ch.linkedin.com/in/dbigot
Peter Nidetzky - Teamleader Real Estate Consulting ...,https://ch.linkedin.com/in/pni/en
Jonathan Pfister – Real Estate Broker – acheteur.ch,https://ch.linkedin.com/in/jonathanpfister
Dr. Peer Petersen,https://ch.linkedin.com/in/dr-peer-petersen-a3236219/en
John-Patrick Ryter - Senior Property Manager - Bucherer AG,https://ch.linkedin.com/in/john-patrick-ryter-a53b8255/en
Claire Deedman - Real Estate Consultant with LEGGETT ...,https://fr.linkedin.com/in/claire-deedman-4b605811
Lisa Fisher - Fisher Real Estate LLC - Self-employed,https://www.linkedin.com/in/lisa-fisher-7721b329
Liza Maria Heim,https://www.linkedin.com/in/liza-maria-heim-3b6b8b132
"Vitali Bekker, MRICS – Member of the Management Team",https://ch.linkedin.com/in/vitali-bekker-mrics-a6aa6616
Patrick Zurfluh – Head of Real Estate Financing – Loanboox,https://ch.linkedin.com/in/patrickzurfluh
Julia Wyss - Joint Lead Hotels & Operational Real Estate,https://uk.linkedin.com/in/juliawyss
Bastien Dayer - Wealth Management – Credit Suisse,https://ch.linkedin.com/in/bastien-dayer-18788349
"Ak Jantangsee, MAS, Assistant Vice President - EFG Bank",https://ch.linkedin.com/in/ak-jantangsee-mas-assistant-vice-president-50709671
Philippe Verschorren CIWFM,https://ch.linkedin.com/in/philippeverschorren
Miriam Kittinger - Head ESG Real Assets - Swiss Life ...,https://ch.linkedin.com/in/miriam-kittinger-97a5579b/en
Joachim V. – Director – Credit Suisse,https://ch.linkedin.com/in/joachim-v-32a01b51
Werner Diedericks – CFO - Swiss Life Asset Managers,https://ch.linkedin.com/in/werner-diedericks-79768247
Mian's Rafique - Real Estate Consultant,https://ae.linkedin.com/in/mian-s-rafique-30534938
"Clara Antunes - Dübendorf, Zurich, Switzerland",https://www.linkedin.com/in/clara-antunes-98b63a7
Antoine Chauvière,https://www.linkedin.com/in/chauviere/
Thom Ruben - Residential Real Estate Sales Specialist,https://www.linkedin.com/in/thom-ruben-32834038
Anna Mech - Apleona Real Estate AG Switzerland,https://uk.linkedin.com/in/anna-mech-13b062221
"Amelia A. - Realtor - Luxury real estate in France, Spain ...",https://sn.linkedin.com/in/amelia-a-7a49191a3?trk=public_profile_browsemap
"Neil Harris - Head of Real Estate Private Markets, UBS ...",https://uk.linkedin.com/in/neil-harris-3b37ba68
Jennifer Kelly - Real Estate Agent with Coldwell Banker,https://www.linkedin.com/in/jennifer-kelly-6171508a
Adrian Kröpfli - Manager - Wüest Partner,https://www.linkedin.com/in/adriankroepfli-b382311214/
Robert H. Wilson - Consultant to Swiss Education Group ...,https://www.linkedin.com/in/robert-h-wilson-45943747
Robert Edderwyn - Luxury Real Estate Advisor,https://uk.linkedin.com/in/robert-edderwyn
Maria Driscoll - Realtor - Barbagelata Real Estate,https://www.linkedin.com/in/mariadriscoll
Benjamin Grajzgrund,https://www.linkedin.com/in/benjamin-grajzgrund
Paul Wagner - Real Estate Investor - Wagner Realty Group,https://www.linkedin.com/in/paul-wagner-96b87843
Mai Phan-Matthesen - Real Estate Broker Associate,https://www.linkedin.com/in/maiandteam
Aurelio Di Napoli - Partner - Head of Real Estate - Spearvest,https://www.linkedin.com/in/aurelio-di-napoli-64a27343/
Al Ard Real Estate And Marketing - Chief Executive Officer,https://pk.linkedin.com/in/al-ard-real-estate-and-marketing-87578a261
Andrea Roberts - Coldwell Banker Residential Real Estate,https://www.linkedin.com/in/andrea-roberts-4aba0337
Vickie Perez - Licensed Real Estate Agent - Graber Realty ...,https://www.linkedin.com/in/vickieperez
"Jin Cui - Director, Head of Real Estate UK - Credit Suisse",https://uk.linkedin.com/in/jin-cui-72791711
Nicole Barr - Licensed Real Estate Salesperson,https://www.linkedin.com/in/nicole-barr-10286944
Janki Patel,https://www.linkedin.com/in/jankip
"David Roe - Little Switzerland, North Carolina, United States",https://www.linkedin.com/in/davidroe3
Yves Buchard - Managing Director - Real Estate ...,https://ae.linkedin.com/in/yvesbuchard
Alex Rutherfurd - Assistant to Real Estate Agent - Corcoran,https://www.linkedin.com/in/alex-rutherfurd-48325a43
Hartmann Singleton Ltd. - Property Acquisition in Switzerland,https://uk.linkedin.com/in/hartmann-singleton-ltd-33329119
Rafael Metternich,https://uk.linkedin.com/in/rafael-metternich-807a9282
Madhar A. - Luxury Homes Real Estate,https://ae.linkedin.com/in/madhar-a-0b2a36115?trk=public_profile_browsemap
Yasantha De Silva - Licensed Real Estate Agent,https://au.linkedin.com/in/yasantha-de-silva
Danielle Silveira - Real Estate Agent - Century 21 ...,https://www.linkedin.com/in/danielle-silveira-689b43ba
Inara Borochov - Real Estate Investment Manager,https://il.linkedin.com/in/inara-borochov-2453894b
Maya Burton - Broker Associate - BHHS Floberg Real Estate,https://www.linkedin.com/in/maya-burton-311a3720
Urs Klarer - Real Estate Agent - Coldwell Banker ...,https://www.linkedin.com/in/urs-klarer-1ab16413
William Lang - Project Manager - Real Estate Developer & ...,https://www.linkedin.com/in/william-lang-37b60a100
Christopher Horler - The Real Estate Investment Office,https://uk.linkedin.com/in/chrishorler
Corinne Stoehr - Real Estate Agent - Houlihan Lawrence ...,https://www.linkedin.com/in/corinne-stoehr-35b02092
Dr. Dirk Seifert - Chairman of the Board - MDM Real Estate ...,https://ae.linkedin.com/in/drseifertshanghai88888/en
Alia Bernard - Administration - GTA Real Estate ...,https://ca.linkedin.com/in/aliabernard
Brian Beard - Watches of Switzerland Group PLC,https://uk.linkedin.com/in/brian-beard-49216423
David Gill - International Head of Real Estate AECOM,https://uk.linkedin.com/in/davidgill1366
Lukas Hanimann - Senior Product Manager Real Estate,https://uk.linkedin.com/in/lukas-hanimann-8994b38a
Malyar Istvan,https://hu.linkedin.com/in/malyar-istvan
Edward Cassels - Investor and projet manager - Real Estate,https://uk.linkedin.com/in/edwardcassels
Dudi Daniel - Managing Partner - GAR Real Estate,https://il.linkedin.com/in/dudi-daniel-a49b3817
Christophe Grabielle - Real Estate Expert,https://be.linkedin.com/in/christophe-grabielle-mrics
Do V. - DG - ITC Residential Real Estate & Private Banking,https://fr.linkedin.com/in/itcbusiness/en
"Olivia Muir - Head of Sustainability, Real Estate & Private ...",https://uk.linkedin.com/in/olivia-muir-99bb5352
Simon Wells - Head of Real Estate and Workplace Services,https://uk.linkedin.com/in/simon-wells-30960793
Elizabeth Zacharinis - Chief Operating Officer - Real Estate ...,https://gr.linkedin.com/in/ezacharini
Jon Hollick - Managing Director - UBS,https://uk.linkedin.com/in/jon-hollick-8b231715
Diana Bronstein - Real Estate Allocation,https://de.linkedin.com/in/dianabronstein/en
Adam Aziz - Global Head of Real Estate & Private Markets ...,https://uk.linkedin.com/in/adamjaziz
Manfred R. Kuhn - Management / Partner - Neopolis ...,https://de.linkedin.com/in/manfred-r-kuhn-35219a36/en
Marianne Krenger - Licensed Real Estate Broker,https://ca.linkedin.com/in/marianne-krenger-67625243
Fleur Deed - EMEA Real Estate Manager - Credit Suisse,https://uk.linkedin.com/in/fleur-deed-2025a111
Roland Vanbuchin,https://ae.linkedin.com/in/vanbuchin
"Eliott Camb - Geneva, Geneva, Switzerland",https://uk.linkedin.com/in/eliott-camb
Sheikh Ahad A. - 3S Real Estate Brokers,https://ae.linkedin.com/in/sheikh-ahad-ahmed
Martin Zhang Personal Real Estate Corporation,https://ca.linkedin.com/in/martin-zhang-93a575a8
Vanessa Capuano - Director - Aviary Consulting,https://uk.linkedin.com/in/vanessa-capuano-81980758
Andrew Whitby - Managing Director - Cobalt Capital,https://uk.linkedin.com/in/andrewwhitby36666448
Trini (Trinidad) Ventura - Real Estate and Travel Agency,https://sg.linkedin.com/in/trini-trinidad-ventura-8897bb165
General Manager Abhishek Narain,https://in.linkedin.com/in/general-manager-abhishek-narain-590802223
Kieran Witts - Intern - Cording Real Estate Group,https://uk.linkedin.com/in/kieran-witts-310143149
Ann Corrigan - Real Estate Salesperson - Royal LePage ...,https://ca.linkedin.com/in/anncorriganrealestate
Erik Rodenwoldt - Head Real Estate Portfolio Management ...,https://uk.linkedin.com/in/erik-rodenwoldt-real-estate-portfolio-management
Nicholas Lesek,https://hk.linkedin.com/in/nicholaslesek
Theresa Strasser - Broker/Owner - Century21 Global Real ...,https://ca.linkedin.com/in/theresa-strasser-63a94b39
Lucas Papadimitriu - International Broker - Luxury Real ...,https://gr.linkedin.com/in/lucas-papadimitriu-81548067
Gino Pezzani - Real Estate Consultant - RE/MAX Heights ...,https://ca.linkedin.com/in/ginopezzani
Esther Chwei - Insurance and Real Estate - Vontobel Asset ...,https://hk.linkedin.com/in/esther-chwei-a7b8833
Jocelyne Kohen - Real Estate Agent,https://il.linkedin.com/in/jocelyne-kohen-ab648018
Irina Sky - Real Estate Agent - Royal Le Page Your ...,https://ca.linkedin.com/in/irina-sky-homes
"Dan Kum - Head of Real Estate, EMEA - Johnson & Johnson",https://sg.linkedin.com/in/dankum
Veljko Tomasevic - Real Estate Consultant,https://rs.linkedin.com/in/veljko-tomasevic-25634a180
"Jérôme Rigoni, CAIA - AXA Investment Managers",https://uk.linkedin.com/in/jeromerigoni
Catherine L. - Executive Administrator - Real Estate ...,https://ca.linkedin.com/in/catherine-l-5b252770
Theresa Strasser - Broker/Owner - CENTURY21 Global ...,https://ca.linkedin.com/in/theresa-strasser-8b8a6674
Michelle Blom - Senior Property Consultant - PMM Real ...,https://au.linkedin.com/in/michelle-blom-65902866
Klauspeter Nuesch - VR und Vizepräsident - Asia Green ...,https://hk.linkedin.com/in/klauspeter-nuesch-8aa05126
Vicki Kendall - Retail Sales Consultant - Little Switzerland,https://vi.linkedin.com/in/vicki-kendall-79720635
Alexandre Smertnik,https://uk.linkedin.com/in/alexandre-smertnik-517a4a11
Victoria Holt - Head of Corporate Real Estate - HSBC,https://fr.linkedin.com/in/victoria-holt-71072a4
Principal - Yvonne Kenna Real Estate,https://au.linkedin.com/in/yvonne-kenna-08878b4b
Lena Karni - Real Estate Consultant - ИМОТЕКА,https://bg.linkedin.com/in/lkarni
"Nikhil J Isaac, MRICS - Business Strategy Specialist",https://in.linkedin.com/in/nikhilisaac
Isabelle Litzler - Real Estate Consultant - eXp France,https://fr.linkedin.com/in/isabellelitzler
"Mascha Ankelmann - Vice President, APAC Real Estate ...",https://hk.linkedin.com/in/mascha-ankelmann-1aa4ab7b
Teresa (Terri) MacIsaac - JJ Jacobs Realty Inc.,https://ca.linkedin.com/in/teresa-terri-macisaac-81235145
Heidi Lussi - Licensed Realtor - RE/MAX Vernon,https://ca.linkedin.com/in/heidi-lussi-b767aa17
Zaheer Ahmed - mamon brother enterprize,https://pk.linkedin.com/in/zaheer-ahmed-446075175
Erik Adam - Residential Real Estate Agent - B.G. Property,https://hu.linkedin.com/in/erik-adam-672507b4
Oliver Kummerfeldt - Head of European Real Estate ...,https://uk.linkedin.com/in/oliver-kummerfeldt-29535528
Johanna Mamou - Real Estate Agent & Project manager of ...,https://il.linkedin.com/in/johanna-mamou-79005052
Vasilis Mandilas - CEO - MANDILAS REAL ESTATE ...,https://gr.linkedin.com/in/vasilis-mandilas-b383a94a
Alexandre Perrelet-Carrera - Graphic Designer,https://th.linkedin.com/in/alexandre-pc/en
Ruta Nesvarbu - pica - Picerne Real Estate Group,https://lt.linkedin.com/in/ruta-nesvarbu-0a801019a
Timur Murzakhmetov - Real Estate Broker - Engel & Völkers,https://ae.linkedin.com/in/timur-murzakhmetov-37a92125b
Real Estate Management Plc,https://ng.linkedin.com/in/real-estate-management-b41ba5182
Christian Kläusler - Real Estate / Property Development / ...,https://fi.linkedin.com/in/christian-kl%C3%A4usler-348965200
Michelangiolo Hauser - President - Kernel Investors Ltd.,https://mc.linkedin.com/in/michelangiolo-hauser-075820
Siddhesh Daptardar - Team Lead - Marriott Hotels,https://ca.linkedin.com/in/siddhesh-daptardar-b26901236
Aries Real Estate - Owner,https://in.linkedin.com/in/aries-real-estate-40588840
Johan Oosterlee – Vice President Strategic Sourcing ...,https://at.linkedin.com/in/johan-oosterlee-a97b996
Junior Taylor - Real Estate Agent - Preferred Realty Jamaica,https://jm.linkedin.com/in/junior-taylor-ba07636
Xavier Perrin 柏泽维 - Global Head of Real Estate - Philips,https://fr.linkedin.com/in/xavier-perrin-%E6%9F%8F%E6%B3%BD%E7%BB%B4-9a1b015
Agnes G. - HR & Operations Director - Real Estate Developer,https://ca.linkedin.com/in/agnesg
Elena Isayeva - business - real estate,https://to.linkedin.com/in/elena-isayeva-835b39112
Phil Pearsall - Senior Asset Manager - AFIAA Australia ...,https://au.linkedin.com/in/phil-pearsall-7478b6157
Shernaz Gandhi - Deputy General Manager of Sales,https://in.linkedin.com/in/shernaz-gandhi-a2380823
Ralph Noun,https://ae.linkedin.com/in/ralph-noun-138510245
"Jan Känel, CFA - Director Multi Manager Real Estate - UBS",https://sg.linkedin.com/in/jan-kaenel-cfa
pat bailey - VP - Little switzerland,https://vi.linkedin.com/in/pat-bailey-683aa724
tanja rom - real estate d.o.o podgorica,https://me.linkedin.com/in/tanja-rom-a935ba1a6
Ali Ahmed - Director & Property Manager at Stress Free ...,https://ca.linkedin.com/in/ali-ahmed-8006051b6
Syed Zulfiqar Ali Shah - Chief Executive Officer,https://pk.linkedin.com/in/syed-zulfiqar-ali-shah-74195a34
Josh Simpson - Co-Owner | President - Pacific Football Club,https://ca.linkedin.com/in/josh-simpson-32521014a
"Jake William - Geneva, Geneva, Switzerland",https://au.linkedin.com/in/jake-william-8083a169
Myriam Brea-Baharav - Ofir Real Estate Group-Ashkelon,https://il.linkedin.com/in/myriam-brea-baharav-1b957728
Reno Tanti - Senior Property Consultant - Alliance Real ...,https://mt.linkedin.com/in/reno-tanti-53371621
Jürg Erismann - Executive Director / Founding Principal,https://au.linkedin.com/in/j%C3%BCrg-erismann-57106b28
Erika Piller - Real Estate Sales Representative - Forest Hill ...,https://ca.linkedin.com/in/erika-piller-15557513b
ALVARO SOBRINO DE SANTIAGO - Manager,https://es.linkedin.com/in/alvarosobrino/en
"Knight Frank - Richard Selby, MRICS, REV",https://fr.linkedin.com/in/rselby1993
Rich Phoebe - self employed - Real Estate Investor,https://au.linkedin.com/in/rich-phoebe-99063594
Umais Ahmed - Real Estate Agent - Deal and Deals,https://pk.linkedin.com/in/umais-ahmed-21482b225
Maulidi Abdallah Banyani - Ardhi University,https://hk.linkedin.com/in/maulidi-abdallah-banyani-8372a847
Mark Faris - Chief Executive Officer - Faris Capital Partners,https://ca.linkedin.com/in/markfaris1
Ariel Mouyal - A. REAL INTERNATIONAL HOLDING,https://sg.linkedin.com/in/ariel-mouyal-014761159
John Tan - Vice President Real Estate - OCBC Bank,https://sg.linkedin.com/in/john-tan-97a5864
Sandra Petersen - Spain | Professional Profile,https://es.linkedin.com/in/sandra-petersen-a7a4805b/en
Danny Abedi PA - Executive VP - Canadian IT Networking,https://ca.linkedin.com/in/danny-abedi
Frédéric Leang - Real Estate Investor - Self-Employed,https://hk.linkedin.com/in/fr%C3%A9d%C3%A9ric-leang-36103610
Gregor Wammes - Real Estate Consultant at Boels Rental,https://nl.linkedin.com/in/gregor-wammes
Sophie van Oosterom - Global Head of Real Estate,https://nl.linkedin.com/in/sophie-van-oosterom-133205
Kathy Perri - BTB Mortgage Solutions,https://ca.linkedin.com/in/kathy-perri-03143932
Joelle Sampiery - immobilier,https://mc.linkedin.com/in/joelle-sampiery-259b322b
Lumturie Paplekaj - REMAX Real Estate Group,https://al.linkedin.com/in/lumturie-paplekaj-5b90a1272
Stefano Vassallo - Director,https://na.linkedin.com/in/stefano-vassallo-1319b44b
Alex Bolshakov MRICS - Real Estate Western Europe,https://ru.linkedin.com/in/alexander-bolshakov-mrics
Frank Martin - Hotel & Private Estate Search / Ibiza ...,https://es.linkedin.com/in/frank-martin-2642b2
Yulia Issakova - Commercial Real Estate Agent,https://ee.linkedin.com/in/yulia-issakova
Founder & Managing Director - Roula Rouva Real Estate ...,https://gr.linkedin.com/in/roularouva
"Mehdi Aghaei, Ph.D.",https://ca.linkedin.com/in/mehdi-aghaei-ph-d-024430238
VIP Real - Real Estate Agent,https://lv.linkedin.com/in/vip-real-77228b114
Claudia Austen - Sienna Real Estate,https://de.linkedin.com/in/claudia-austen-7b642346
Yuval Yaakov - Marketing Manager - Israeli Real Estate ...,https://il.linkedin.com/in/yuval-yaakov
Patricia Gauss - Real Estate Advisor / Administration,https://fr.linkedin.com/in/patriciagaussinternational
Auseklis Sarkans - Co-Founder and Partner - Investment & ...,https://lv.linkedin.com/in/auseklissarkans
Rob Turkington - Director Of Real Estate - AH Riise,https://vi.linkedin.com/in/rob-turkington-b023ab28
"Eric Visser - Director, Commercial Real Estate",https://ca.linkedin.com/in/eric-visser-b44a2118
Paras Dewan - Real Estate Specialist - CENTURY 21 Legacy,https://ca.linkedin.com/in/paras-dewan-b22199177
irusia armattoe - Principal - Husli Real Estate,https://au.linkedin.com/in/irusia-armattoe-75558627
Hoang Dang Xuan - Sales Manager - DO DAU SAI GON ...,https://vn.linkedin.com/in/hoang-dang-xuan-34001aba
Frédéric Rolli,https://hk.linkedin.com/in/fredericrolli
Silviane Ruffier - Associate Real Estate Agent,https://es.linkedin.com/in/silvianeruffier/en
Alexander Taft – MD – Invesco Ltd.,https://de.linkedin.com/in/alexander-taft-b11899168
"JMV Gianan, REB, REA, MBA - Review Director",https://ph.linkedin.com/in/jmv-gianan-reb-rea-mba-59aa00a0
Manuela Steffen - Sales Consultant - Fletchers Real Estate,https://au.linkedin.com/in/manuela-steffen-06274a8b
Gregory Koegl - President - Koebra Development ...,https://ca.linkedin.com/in/gregory-koegl-45611a19
"Nicolas Delforge - Director, IWMS Consulting and Advisory ...",https://ca.linkedin.com/in/nicolasdelforge
Hugo Borges - Board Member & COO Urban Development,https://es.linkedin.com/in/privatebankingexecutive
Leanghorn Moeng - CEO - The Drumm Family Real Estate ...,https://kh.linkedin.com/in/leanghorn-moeng-b30b52129
EstaReal Estates - Real Estate Agent,https://cy.linkedin.com/in/estarealestates
Nader Shehade - Real Estate Agent,https://il.linkedin.com/in/nader-shehade-91b2b925b
Zane Kreslina - Real Estate Consultant - Sunny Vibes ...,https://lv.linkedin.com/in/zanekreslina
Paul van Naeltwijck - Real Estate Agent,https://mc.linkedin.com/in/paul-van-naeltwijck
Renata Zuger - HomeLife Cimerman Real Estate Ltd.,https://ca.linkedin.com/in/renatazuger
Mika Aarnio - Administration Property Management & ...,https://fi.linkedin.com/in/mika-aarnio-a7869244
Sai Krishna - Real Estate Manager - Sai Surya Developers,https://in.linkedin.com/in/sai-krishna-bb0715203
Werner Müller - Head of Real Estate DACH bei Rituals,https://de.linkedin.com/in/werner-m%C3%BCller-45246660
Thorsten Slytå - Managing Director | Head of Nordics,https://se.linkedin.com/in/thorsten-slyt%C3%A5-b307981
Rishabh Sharma - Senior Manager - Savills,https://in.linkedin.com/in/rishabh-sharma-7b3a188a
Tess Nguyen - Property Manager - Goldstar Partners Real ...,https://au.linkedin.com/in/tess-nguyen-42942482
Samantha Marks - Property Manager - Doyle Spillane Real ...,https://au.linkedin.com/in/samantha-marks-778583a3
Elvira Vaisova - COO - Real Arcadia,https://fr.linkedin.com/in/elvira-vaisova-49a7a354
Syed Aijaz - Real Estate Agent - Mahdi,https://in.linkedin.com/in/syed-aijaz-648157148
Eric Gomes,https://fr.linkedin.com/in/eric-gomes-80a02022/en
Sacha Young - Rentals Agent - Lloyds Real Estate,https://za.linkedin.com/in/sacha-young-aa344311a
Dorota Pieczątka – Real Estate Strategy & Transactions for ...,https://pl.linkedin.com/in/dorota-piecz%C4%85tka-54525186
Alex S. Stavridis - Real Estate Advisory & Agency Services,https://gr.linkedin.com/in/alex-stavridis
Levon Khachaturyan - Managing Partner - Family Office ...,https://ge.linkedin.com/in/levon-khachaturyan-76245b14
Offmarketyes trentpatridge - Real Estate Agent - Off Market ...,https://ke.linkedin.com/in/offmarketyes-trentpatridge-943b63181
Rebecca Michaelides - Real Estate Specialist,https://gr.linkedin.com/in/rebecca-michaelides-412882aa
"Elena Beiner, EMBA - Certified Real Estate Agent,Luxury ...",https://lu.linkedin.com/in/elena-beiner-emba-83043838
Patrick Hayden - LUXURY REAL ESTATE AGENT,https://au.linkedin.com/in/patrickhaydenrealestate
Dennis Beckmann - Real Estate – DWS Group,https://de.linkedin.com/in/dennis-beckmann-2a904513
George Nikolic - Real Estate Agent at McGrath,https://au.linkedin.com/in/george-nikolic-b04013a3
Eddy Piddington - Partner - Stone Real Estate.,https://au.linkedin.com/in/eddyspiddington
Stephan Balkin - Owner - BALKIN ESTATES,https://mc.linkedin.com/in/stephan-balkin-38974a8
Marcel Palfner - CEO - SwissRealEstate,https://ae.linkedin.com/in/marcel-palfner-37148a254
"Lavish Estate - Athens, Attiki, Greece | Professional Profile",https://gr.linkedin.com/in/lavish-estate-6b1884203
NATASHA MUGABE - Real Estate Agent - Pam Golding ...,https://zw.linkedin.com/in/natasha-mugabe-76a57b267
Michael Nielsen - Tax & real estate advisor - Helle Skovby ...,https://mc.linkedin.com/in/michael-nielsen-44051641
Lisa Horvat - Licensed Real Estate Agent - Coming Soon,https://au.linkedin.com/in/lisa-horvat-875026159
Gary Brazenor - Sales Specialist - Byron Shire Real Estate,https://au.linkedin.com/in/gary-brazenor-44975b87
Luis Monteiro - President - Monteiro Real Estate,https://kw.linkedin.com/in/luismonteiro80/en
Ranjit Valmiki - Real Estate Manager - Hiranandani,https://in.linkedin.com/in/rrvvalmiki7070
Amanda Delgado - Ejecutivo de cuentas - RealAdvisor ...,https://es.linkedin.com/in/amanda-delgado-b878291a6
Sotiris Kalogirou - Director of Real Estate,https://gr.linkedin.com/in/sotiris-kalogirou-18314439
Tobias Karlsson - Global Director of Real Estate,https://it.linkedin.com/in/tobiasrkarlsson
Xavier Gregory - Co-Founder & Director - JAX Real Estate,https://au.linkedin.com/in/xavier-gregory-7481422b
Jane Cebo - Real Estate Agent - Williams2 ...,https://ky.linkedin.com/in/jane-cebo
Christian Hofer – Director Operations & Real Estate ...,https://de.linkedin.com/in/christian-hofer-10641151
Sean Phillips - Real Estate Associate - Remax Living,https://za.linkedin.com/in/sean-phillips-513598164
Christopher Linkas - Managing Director - Fortress ...,https://es.linkedin.com/in/christopher-linkas
Ryan O'Sullivan - Senior Director - CBRE Asia Pacific,https://sg.linkedin.com/in/ryan-o-sullivan-69487313
Juliet Wendy Macdonald - Finishing School in Switzerland,https://fr.linkedin.com/in/juliet-wendy-macdonald-45365640
Javier González,https://de.linkedin.com/in/javier-gonzalez-ffm/en
"Edan Levy, FMVA - Portfolio Manager - Yad Capital AG",https://il.linkedin.com/in/edanlevy
Michelle Real Estate - Property Manager,https://au.linkedin.com/in/michelle-real-estate-494bb944
Behnam Moradi - Commercial real estate,https://ir.linkedin.com/in/behnam-moradi-3432b3200
JOE ZGHEIB - Real Estate Sales & Management,https://au.linkedin.com/in/joe-zgheib-0a977983
Elisabeth V. – Board Aiglon College,https://de.linkedin.com/in/egrampel
Eva Lempinen - Portfolio Manager - OP Financial Group,https://fi.linkedin.com/in/eva-lempinen-73309141
Stamatis Petropoulos - Real Estate Valuations and Advisory,https://gr.linkedin.com/in/stamatis-petropoulos-2824a261
Antoine CHAUVIERE,https://fr.linkedin.com/in/chauviere
"Dimitris Piperopoulos - Panórama, Central Macedonia, ...",https://gr.linkedin.com/in/dimitris-piperopoulos-8a2256225
Zsuzsanna Gecse - Real Estate Agent - Arabian Homes ...,https://bh.linkedin.com/in/zsuzsanna-gecse-47a0a18b
Suzana Sulong - Falcon Property Services Pte. Ltd.,https://sg.linkedin.com/in/suzana-sulong
George Azar - Chairman - Dubai Sotheby's International ...,https://ae.linkedin.com/in/george-azar-4265942b
TUAN TRAN VAN - A member of the Management Board ...,https://vn.linkedin.com/in/tuan-tran-van-360415133
Antoine de Mazieres - Real Estate Specialist - idemmo,https://lu.linkedin.com/in/antoine-de-mazieres-31928277
Angie Malgo - Marketing & Operations Manager,https://au.linkedin.com/in/angiemalgo
Sachiko (Maria) W. - PropNex Realty Pte Ltd,https://sg.linkedin.com/in/sachiko-maria-w-62a530108
Ali Sattarli - Real Estate Specialist - Azersun Holding,https://az.linkedin.com/in/sattarli
Alexandros Mourelatos Fraissard,https://gr.linkedin.com/in/alexandros-mourelatos-fraissard-81318a3a
Jose “Joey” Ledesma Mabilangan - President & CEO,https://ph.linkedin.com/in/jose-%E2%80%9Cjoey%E2%80%9D-ledesma-mabilangan-88896336
Yoana Danailova Cooper - Senior Surveyor - CBRE,https://ae.linkedin.com/in/yoana-danailova-cooper-16a20433
Walter Beauvais - Residential Property Manager,https://au.linkedin.com/in/walter-beauvais
selina House Broker - Real Estate Agent,https://et.linkedin.com/in/selina-house-broker-6b768a24b
"Szabó Zsolt - Real Estate Investor, Agent, Renovator",https://hu.linkedin.com/in/szab%C3%B3-zsolt-61832272
Gary Crouch - Real Estate Agent & Property Manager,https://au.linkedin.com/in/gary-crouch-1260434
darko lakic - Real Estate Specialist - Bgposrednik,https://rs.linkedin.com/in/darko-lakic-780879181
"Sanjeev Tuli - Sr. Director Environments, Real Estate & ...",https://in.linkedin.com/in/sanjeev-tuli-3304413
Oleksandr Chykryhin - Switzerland | Професійний профіль,https://ua.linkedin.com/in/oleksandr-chykryhin-0a4b2a116
"Basil Walser - Entry Education - Melbourne, Victoria ...",https://au.linkedin.com/in/basilwalser
Tom Van - Head of Performance - Ray White Upper North ...,https://au.linkedin.com/in/tom-van-maa
Paloma Toll-Messia - Senior Real Estate Executive,https://es.linkedin.com/in/paloma-toll-messia-02039125
"Christian Keller - Founding Director - PDC, Properties ...",https://fr.linkedin.com/in/christian-keller-real-estate-profits
George Armatas - Investment Properties,https://gr.linkedin.com/in/george-armatas-24539918
Swastik Chawla - Options Trader - Self Employed,https://in.linkedin.com/in/swastik-chawla-381603153
Adam Bryant,https://au.linkedin.com/in/adam-bryant-619196173
Jack Matome - Real Estate Agent - Engel & Völkers,https://za.linkedin.com/in/jack-matome-40b35b1a5
Lazar Kirov - Searching for an appropriate job in ...,https://bg.linkedin.com/in/lazar-kirov-2b508255
Stefanos D. VLASTOS - Principal - GREIP - Greek Real ...,https://gr.linkedin.com/in/stefanos-d-vlastos-49141122
DIMITRIS PAPADOPOULOS - Greece | Professional Profile,https://gr.linkedin.com/in/dimitris-papadopoulos-309b7034
Nary Khan (Ms.Me) - Senior Consultant - B1 Alliance Real ...,https://kh.linkedin.com/in/nary-khan-ms-me-781505200
Sheldon Fernandes - International Business Development,https://ae.linkedin.com/in/sheldon-fernandes-2289bb101
Riaan Ackermann - Pam Golding Properties,https://za.linkedin.com/in/riaan-ackermann-442a271a8
"Victor Olonde, PhD - Principal Valuer - Ministry of Lands, ...",https://ke.linkedin.com/in/victor-olonde-phd
Anurag Mishra - Real Estate Agent - Property Vision,https://in.linkedin.com/in/anurag-mishra-869849260
"Cristita Munch - Metro Manila, National Capital Region ...",https://ph.linkedin.com/in/cristita-munch-b9244a72
Kostas Dendrinos,https://sa.linkedin.com/in/kostas-dendrinos-53801848
Emily sun - stockholder - La Prairie Switzerland,https://in.linkedin.com/in/arpit-patel-706628205
Linus Grob - Sustainability Consultant - Drees & Sommer ...,https://be.linkedin.com/in/linus-grob-b2286788
Jaena Jimenez - CEO and Founder - Bellissimo Business ...,https://ph.linkedin.com/in/jaena-jimenez-46069779
Jan de Breet - Head of Real Estate and Facility Benelux ...,https://nl.linkedin.com/in/jandebreet
Gerald Böll – Construction Project Manager - IKEA Group,https://de.linkedin.com/in/gerald-b%C3%B6ll-757258bb
Madeline Cheng - Senior Director / Head of Real Estate,https://sg.linkedin.com/in/madeline-cheng-00759a146
Martin Posch - Real Estate Advisor at The Agency Los Cabos,https://mx.linkedin.com/in/martinposch
Dinesh Ananthan - Sales Manager - Real Estate company,https://in.linkedin.com/in/dinesh-ananthan-341700244
Tom Thomas - Real Estate Rental Agent - Richland ...,https://my.linkedin.com/in/tom-thomas-213b082b
Lara Al Sayed Omar - Marketing & Events Manager,https://kw.linkedin.com/in/lara-al-sayed-omar-38a3a2212
"Thomas Zabel, CIPS – Managing Partner - Savills",https://de.linkedin.com/in/zabelthomas
Vittorio B. - Real Estate Advisor - House Hunters Panama ...,https://pa.linkedin.com/in/vittorio-b-98140944
Delia Durán - Founder at BCNER Real Estate- AICAT 11158,https://es.linkedin.com/in/delia-dur%C3%A1n-0901176b
Monica Roldan - Real Estate Agent - Engel & Völkers,https://es.linkedin.com/in/monica-roldan-9b6b9222
Tor-Tilley Christopher - Chief Executive Officer,https://ng.linkedin.com/in/tor-tilley-christopher-09a745150
Katherine Maher,https://www.linkedin.com/in/krmaher
Brendan Edgerton,https://www.linkedin.com/in/edgerton
Amy Owens - Registered Nurse - BearCreek Sugery Center,https://www.linkedin.com/in/amy-owens-b1b054192
Fabrice Le Parc - Founder - Paladin,https://fr.linkedin.com/in/fabriceleparc
Karen Coyne - Sustainability Advisory Council - Terrascope,https://www.linkedin.com/in/karenlcoyne
